review,label
"Great product and fast delivery",Positive
"Worst customer service ever",Negative
"Average experience nothing special",Neutral
"Absolutely loved the quality",Positive
"Completely disappointed with the purchase",Negative
"Very satisfied with the support team",Positive
"Not worth the price",Negative
"The packaging was fine",Neutral
"Excellent performance and value",Positive
"Terrible quality and bad experience",Negative
"Highly recommend this product",Positive
"It works as expected",Neutral
"I am unhappy with the results",Negative
"Fantastic service and friendly staff",Positive
"The product stopped working after a week",Negative
"Pretty decent overall",Neutral
"Extremely poor build quality",Negative
"I am impressed with the design",Positive
"Not satisfied at all",Negative
"Delivery was on time",Neutral
"The product is okay",Neutral
"Amazing features and great usability",Positive
"Very bad customer support",Negative
"Quality exceeded expectations",Positive
"It is neither good nor bad",Neutral
"Totally worth buying",Positive
"Waste of money",Negative
"Happy with my purchase",Positive
"The instructions were confusing",Neutral
"Superb experience overall",Positive
"Mediocre performance",Neutral
"Loved it",Positive
"Disappointed and frustrated",Negative
"Good value for money",Positive
"Service was average",Neutral
"Outstanding product quality",Positive
"The app crashes frequently",Negative
"Pleasant experience",Positive
"Very unreliable system",Negative
"Highly satisfied",Positive
"Not impressed",Negative
"Brilliant performance",Positive
"Could be better",Neutral
"Terrible interface design",Negative
"Fantastic build",Positive
"Very poor battery life",Negative
"I like it",Positive
"Not good",Negative
"Extremely happy with it",Positive
"Below expectations",Negative
"Simply perfect",Positive
